{"cameraMode":{"drawMode":2,"name":"Shaded Wireframe","section":"Shading Mode"},"sceneLighting":true,"audioPlay":false,"sceneViewState":{"m_AlwaysRefresh":false,"showFog":true,"showSkybox":true,"showFlares":true,"showImageEffects":true,"showParticleSystems":true,"showVisualEffectGraphs":true,"m_FxEnabled":true},"in2DMode":false,"pivot":{"x":49.00425338745117,"y":0.34725093841552737,"z":28.156023025512697},"rotation":{"x":0.6840494275093079,"y":0.004376322962343693,"z":-0.004098302219063044,"w":0.7294209003448486},"size":48.45005416870117,"orthographic":false}